date,overnight_interest_rate,is_original
2020-01-02,2.44,True
2020-01-03,1.99,True
2020-01-04,1.99,False
2020-01-05,1.99,False
2020-01-06,1.99,False
2020-01-07,1.31,True
2020-01-08,1.1,True
2020-01-09,0.93,True
2020-01-10,0.79,True
2020-01-11,0.79,False
2020-01-12,0.79,False
2020-01-13,0.75,True
2020-01-14,0.74,True
2020-01-15,0.71,True
2020-01-16,0.82,True
2020-01-17,2.58,True
2020-01-18,2.58,False
2020-01-19,2.58,False
2020-01-20,2.89,True
2020-01-21,3.16,True
2020-01-22,3.15,True
2020-01-23,3.15,False
2020-01-24,3.15,False
2020-01-25,3.15,False
2020-01-26,3.15,False
2020-01-27,3.15,False
2020-01-28,3.15,False
2020-01-29,3.15,False
2020-01-30,2.85,True
2020-01-31,3.08,True
2020-02-01,3.08,False
2020-02-02,3.08,False
2020-02-03,3.15,True
2020-02-04,3.1,True
2020-02-05,2.81,True
2020-02-06,2.6,True
2020-02-07,2.33,True
2020-02-08,2.33,False
2020-02-09,2.33,False
2020-02-10,2.25,True
2020-02-11,2.25,False
2020-02-12,2.21,True
2020-02-13,2.05,True
2020-02-14,2.0,True
2020-02-15,2.0,False
2020-02-16,2.0,False
2020-02-17,1.91,True
2020-02-18,1.88,True
2020-02-19,1.9,True
2020-02-20,2.07,True
2020-02-21,2.09,True
2020-02-22,2.09,False
2020-02-23,2.09,False
2020-02-24,2.21,True
2020-02-25,2.51,True
2020-02-26,2.39,True
2020-02-27,2.1,True
2020-02-28,2.02,True
2020-02-29,2.02,False
2020-03-01,2.02,False
2020-03-02,2.05,True
2020-03-03,2.03,True
2020-03-04,1.99,True
2020-03-05,1.96,True
2020-03-06,2.01,True
2020-03-07,2.01,False
2020-03-08,2.01,False
2020-03-09,2.22,True
2020-03-10,2.37,True
2020-03-11,2.44,True
2020-03-12,2.48,True
2020-03-13,2.33,True
2020-03-14,2.33,False
2020-03-15,2.33,False
2020-03-16,2.24,True
2020-03-17,2.11,True
2020-03-18,2.02,True
2020-03-19,1.95,True
2020-03-20,1.86,True
2020-03-21,1.86,False
2020-03-22,1.86,False
2020-03-23,1.89,True
2020-03-24,1.87,True
2020-03-25,1.86,True
2020-03-26,1.9,True
2020-03-27,2.07,True
2020-03-28,2.07,False
2020-03-29,2.07,False
2020-03-30,2.19,True
2020-03-31,2.44,True
2020-04-01,3.27,True
2020-04-02,3.27,False
2020-04-03,3.53,True
2020-04-04,3.53,False
2020-04-05,3.53,False
2020-04-06,3.56,True
2020-04-07,3.2,True
2020-04-08,2.7,True
2020-04-09,2.33,True
2020-04-10,1.93,True
2020-04-11,1.93,False
2020-04-12,1.93,False
2020-04-13,1.74,True
2020-04-14,1.7,True
2020-04-15,1.77,True
2020-04-16,1.63,True
2020-04-17,1.59,True
2020-04-18,1.59,False
2020-04-19,1.59,False
2020-04-20,1.75,True
2020-04-21,2.49,True
2020-04-22,2.55,True
2020-04-23,2.29,True
2020-04-24,2.04,True
2020-04-25,2.04,False
2020-04-26,2.04,False
2020-04-27,1.92,True
2020-04-28,1.94,True
2020-04-29,2.11,True
2020-04-30,2.11,False
2020-05-01,2.11,False
2020-05-02,2.11,False
2020-05-03,2.11,False
2020-05-04,2.0,True
2020-05-05,2.24,True
2020-05-06,2.13,True
2020-05-07,1.97,True
2020-05-08,1.75,True
2020-05-09,1.75,False
2020-05-10,1.75,False
2020-05-11,1.6,True
2020-05-12,1.52,True
2020-05-13,1.38,True
2020-05-14,1.26,True
2020-05-15,1.19,True
2020-05-16,1.19,False
2020-05-17,1.19,False
2020-05-18,1.02,True
2020-05-19,0.88,True
2020-05-20,0.6,True
2020-05-21,0.47,True
2020-05-22,0.41,True
2020-05-23,0.41,False
2020-05-24,0.41,False
2020-05-25,0.47,True
2020-05-26,0.4,True
2020-05-27,0.33,True
2020-05-28,0.28,True
2020-05-29,0.3,True
2020-05-30,0.3,False
2020-05-31,0.3,False
2020-06-01,0.46,True
2020-06-02,0.38,True
2020-06-03,0.33,True
2020-06-04,0.27,True
2020-06-05,0.25,True
2020-06-06,0.25,False
2020-06-07,0.25,False
2020-06-08,0.23,True
2020-06-09,0.2,True
2020-06-10,0.18,True
2020-06-11,0.16,True
2020-06-12,0.18,True
2020-06-13,0.18,False
2020-06-14,0.18,False
2020-06-15,0.18,False
2020-06-16,0.17,True
2020-06-17,0.17,True
2020-06-18,0.15,True
2020-06-19,0.13,True
2020-06-20,0.13,False
2020-06-21,0.13,False
2020-06-22,0.14,True
2020-06-23,0.15,True
2020-06-24,0.15,True
2020-06-25,0.13,True
2020-06-26,0.13,True
2020-06-27,0.13,False
2020-06-28,0.13,False
2020-06-29,0.12,True
2020-06-30,0.15,True
2020-07-01,0.13,True
2020-07-02,0.12,True
2020-07-03,0.12,True
2020-07-04,0.12,False
2020-07-05,0.12,False
2020-07-06,0.13,True
2020-07-07,0.13,True
2020-07-08,0.13,True
2020-07-09,0.14,True
2020-07-10,0.15,True
2020-07-11,0.15,False
2020-07-12,0.15,False
2020-07-13,0.15,True
2020-07-14,0.14,True
2020-07-15,0.14,True
2020-07-16,0.13,True
2020-07-17,0.14,True
2020-07-18,0.14,False
2020-07-19,0.14,False
2020-07-20,0.15,True
2020-07-21,0.15,True
2020-07-22,0.15,True
2020-07-23,0.14,True
2020-07-24,0.15,True
2020-07-25,0.15,False
2020-07-26,0.15,False
2020-07-27,0.19,True
2020-07-28,0.24,True
2020-07-29,0.24,True
2020-07-30,0.2,True
2020-07-31,0.21,True
2020-08-01,0.21,False
2020-08-02,0.21,False
2020-08-03,0.25,True
2020-08-04,0.25,True
2020-08-05,0.25,True
2020-08-06,0.24,True
2020-08-07,0.22,True
2020-08-08,0.22,False
2020-08-09,0.22,False
2020-08-10,0.22,True
2020-08-11,0.22,False
2020-08-12,0.22,False
2020-08-13,0.18,True
2020-08-14,0.18,True
2020-08-15,0.18,False
2020-08-16,0.18,False
2020-08-17,0.19,True
2020-08-18,0.19,False
2020-08-19,0.19,False
2020-08-20,0.19,True
2020-08-21,0.19,True
2020-08-22,0.19,False
2020-08-23,0.19,False
2020-08-24,0.19,True
2020-08-25,0.19,True
2020-08-26,0.19,True
2020-08-27,0.19,True
2020-08-28,0.18,True
2020-08-29,0.18,False
2020-08-30,0.18,False
2020-08-31,0.16,True
2020-09-01,0.16,True
2020-09-02,0.16,False
2020-09-03,0.16,True
2020-09-04,0.16,True
2020-09-05,0.16,False
2020-09-06,0.16,False
2020-09-07,0.15,True
2020-09-08,0.15,True
2020-09-09,0.15,True
2020-09-10,0.15,True
2020-09-11,0.14,True
2020-09-12,0.14,False
2020-09-13,0.14,False
2020-09-14,0.14,True
2020-09-15,0.14,False
2020-09-16,0.14,False
2020-09-17,0.11,True
2020-09-18,0.11,True
2020-09-19,0.11,False
2020-09-20,0.11,False
2020-09-21,0.11,True
2020-09-22,0.11,True
2020-09-23,0.1,True
2020-09-24,0.11,True
2020-09-25,0.11,True
2020-09-26,0.11,False
2020-09-27,0.11,False
2020-09-28,0.11,True
2020-09-29,0.11,True
2020-09-30,0.13,True
2020-10-01,0.11,True
2020-10-02,0.11,True
2020-10-03,0.11,False
2020-10-04,0.11,False
2020-10-05,0.11,True
2020-10-06,0.1,True
2020-10-07,0.1,True
2020-10-08,0.1,True
2020-10-09,0.1,True
2020-10-10,0.1,False
2020-10-11,0.1,False
2020-10-12,0.1,True
2020-10-13,0.1,True
2020-10-14,0.1,True
2020-10-15,0.1,True
2020-10-16,0.1,True
2020-10-17,0.1,False
2020-10-18,0.1,False
2020-10-19,0.1,True
2020-10-20,0.11,True
2020-10-21,0.1,True
2020-10-22,0.1,True
2020-10-23,0.1,True
2020-10-24,0.1,False
2020-10-25,0.1,False
2020-10-26,0.11,True
2020-10-27,0.1,True
2020-10-28,0.1,True
2020-10-29,0.1,True
2020-10-30,0.11,True
2020-10-31,0.11,False
2020-11-01,0.11,False
2020-11-02,0.1,True
2020-11-03,0.1,True
2020-11-04,0.11,True
2020-11-05,0.12,True
2020-11-06,0.12,True
2020-11-07,0.12,False
2020-11-08,0.12,False
2020-11-09,0.11,True
2020-11-10,0.11,True
2020-11-11,0.11,True
2020-11-12,0.11,True
2020-11-13,0.11,False
2020-11-14,0.11,False
2020-11-15,0.11,False
2020-11-16,0.11,True
2020-11-17,0.11,True
2020-11-18,0.11,True
2020-11-19,0.11,True
2020-11-20,0.11,True
2020-11-21,0.11,False
2020-11-22,0.11,False
2020-11-23,0.11,True
2020-11-24,0.1,True
2020-11-25,0.1,True
2020-11-26,0.11,True
2020-11-27,0.1,True
2020-11-28,0.1,False
2020-11-29,0.1,False
2020-11-30,0.1,True
2020-12-01,0.1,True
2020-12-02,0.1,True
2020-12-03,0.11,True
2020-12-04,0.11,True
2020-12-05,0.11,False
2020-12-06,0.11,False
2020-12-07,0.11,True
2020-12-08,0.11,True
2020-12-09,0.11,True
2020-12-10,0.1,True
2020-12-11,0.11,True
2020-12-12,0.11,False
2020-12-13,0.11,False
2020-12-14,0.11,True
2020-12-15,0.1,True
2020-12-16,0.1,True
2020-12-17,0.1,True
2020-12-18,0.11,True
2020-12-19,0.11,False
2020-12-20,0.11,False
2020-12-21,0.11,True
2020-12-22,0.11,True
2020-12-23,0.11,True
2020-12-24,0.11,True
2020-12-25,0.12,True
2020-12-26,0.12,False
2020-12-27,0.12,False
2020-12-28,0.12,True
2020-12-29,0.13,True
2020-12-30,0.13,True
2020-12-31,0.15,True
2021-01-01,0.15,False
2021-01-02,0.15,False
2021-01-03,0.15,False
2021-01-04,0.15,True
2021-01-05,0.13,True
2021-01-06,0.11,True
2021-01-07,0.11,True
2021-01-08,0.11,True
2021-01-09,0.11,False
2021-01-10,0.11,False
2021-01-11,0.11,True
2021-01-12,0.1,True
2021-01-13,0.1,True
2021-01-14,0.1,True
2021-01-15,0.11,True
2021-01-16,0.11,False
2021-01-17,0.11,False
2021-01-18,0.11,True
2021-01-19,0.1,True
2021-01-20,0.1,True
2021-01-21,0.1,True
2021-01-22,0.1,True
2021-01-23,0.1,False
2021-01-24,0.1,False
2021-01-25,0.1,True
2021-01-26,0.11,True
2021-01-27,0.11,True
2021-01-28,0.14,True
2021-01-29,0.33,True
2021-01-30,0.33,False
2021-01-31,0.33,False
2021-02-01,0.6,True
2021-02-02,1.68,True
2021-02-03,2.52,True
2021-02-04,2.08,True
2021-02-05,2.09,True
2021-02-06,2.09,False
2021-02-07,2.09,False
2021-02-08,2.86,True
2021-02-09,2.3,True
2021-02-10,2.3,False
2021-02-11,2.3,False
2021-02-12,2.3,False
2021-02-13,2.3,False
2021-02-14,2.3,False
2021-02-15,2.3,False
2021-02-16,2.3,False
2021-02-17,2.11,True
2021-02-18,1.34,True
2021-02-19,0.66,True
2021-02-20,0.66,False
2021-02-21,0.66,False
2021-02-22,0.42,True
2021-02-23,0.37,True
2021-02-24,0.33,True
2021-02-25,0.29,True
2021-02-26,0.34,True
2021-02-27,0.34,False
2021-02-28,0.34,False
2021-03-01,0.4,True
2021-03-02,0.35,True
2021-03-03,0.31,True
2021-03-04,0.29,True
2021-03-05,0.28,True
2021-03-06,0.28,False
2021-03-07,0.28,False
2021-03-08,0.29,True
2021-03-09,0.29,True
2021-03-10,0.29,True
2021-03-11,0.28,True
2021-03-12,0.28,True
2021-03-13,0.28,False
2021-03-14,0.28,False
2021-03-15,0.29,True
2021-03-16,0.28,True
2021-03-17,0.28,True
2021-03-18,0.27,True
2021-03-19,0.26,True
2021-03-20,0.26,False
2021-03-21,0.26,False
2021-03-22,0.27,True
2021-03-23,0.26,True
2021-03-24,0.26,True
2021-03-25,0.25,True
2021-03-26,0.26,True
2021-03-27,0.26,False
2021-03-28,0.26,False
2021-03-29,0.37,True
2021-03-30,0.24,True
2021-03-31,0.26,True
2021-04-01,0.25,True
2021-04-02,0.26,True
2021-04-03,0.26,False
2021-04-04,0.26,False
2021-04-05,0.25,True
2021-04-06,0.25,False
2021-04-07,0.29,True
2021-04-08,0.3,True
2021-04-09,0.31,True
2021-04-10,0.31,False
2021-04-11,0.31,False
2021-04-12,0.4,True
2021-04-13,0.43,True
2021-04-14,0.41,True
2021-04-15,0.41,True
2021-04-16,0.43,True
2021-04-17,0.43,False
2021-04-18,0.43,False
2021-04-19,0.43,False
2021-04-20,0.43,False
2021-04-21,0.43,False
2021-04-22,0.42,True
2021-04-23,0.44,True
2021-04-24,0.44,False
2021-04-25,0.44,False
2021-04-26,0.44,False
2021-04-27,0.44,False
2021-04-28,1.2,True
2021-04-29,0.9,True
2021-04-30,0.9,False
2021-05-01,0.9,False
2021-05-02,0.9,False
2021-05-03,0.9,False
2021-05-04,0.95,True
2021-05-05,1.14,True
2021-05-06,1.29,True
2021-05-07,1.21,True
2021-05-08,1.21,False
2021-05-09,1.21,False
2021-05-10,1.24,True
2021-05-11,1.25,True
2021-05-12,1.23,True
2021-05-13,1.24,True
2021-05-14,1.22,True
2021-05-15,1.22,False
2021-05-16,1.22,False
2021-05-17,1.2,True
2021-05-18,1.22,True
2021-05-19,1.22,True
2021-05-20,1.24,True
2021-05-21,1.21,True
2021-05-22,1.21,False
2021-05-23,1.21,False
2021-05-24,1.25,True
2021-05-25,1.35,True
2021-05-26,1.46,True
2021-05-27,1.46,True
2021-05-28,1.42,True
2021-05-29,1.42,False
2021-05-30,1.42,False
2021-05-31,1.54,True
2021-06-01,1.54,False
2021-06-02,1.48,True
2021-06-03,1.39,True
2021-06-04,1.29,True
2021-06-05,1.29,False
2021-06-06,1.29,False
2021-06-07,1.16,True
2021-06-08,1.1,True
2021-06-09,1.07,True
2021-06-10,1.01,True
2021-06-11,0.96,True
2021-06-12,0.96,False
2021-06-13,0.96,False
2021-06-14,0.96,True
2021-06-15,0.98,True
2021-06-16,0.97,True
2021-06-17,0.95,True
2021-06-18,0.99,True
2021-06-19,0.99,False
2021-06-20,0.99,False
2021-06-21,1.1,True
2021-06-22,1.08,True
2021-06-23,1.14,True
2021-06-24,1.21,True
2021-06-25,1.23,True
2021-06-26,1.23,False
2021-06-27,1.23,False
2021-06-28,1.19,True
2021-06-29,1.1,True
2021-06-30,1.13,True
2021-07-01,1.09,True
2021-07-02,1.03,True
2021-07-03,1.03,False
2021-07-04,1.03,False
2021-07-05,1.0,True
2021-07-06,0.95,True
2021-07-07,0.9,True
2021-07-08,0.94,True
2021-07-09,0.95,True
2021-07-10,0.95,False
2021-07-11,0.95,False
2021-07-12,0.94,True
2021-07-13,0.93,True
2021-07-14,0.92,True
2021-07-15,0.93,True
2021-07-16,0.93,True
2021-07-17,0.93,False
2021-07-18,0.93,False
2021-07-19,0.95,True
2021-07-20,0.95,True
2021-07-21,0.95,True
2021-07-22,0.97,True
2021-07-23,0.96,True
2021-07-24,0.96,False
2021-07-25,0.96,False
2021-07-26,0.98,True
2021-07-27,1.0,True
2021-07-28,0.98,True
2021-07-29,0.94,True
2021-07-30,0.97,True
2021-07-31,0.97,False
2021-08-01,0.97,False
2021-08-02,0.96,True
2021-08-03,0.96,True
2021-08-04,0.93,True
2021-08-05,0.93,True
2021-08-06,0.92,True
2021-08-07,0.92,False
2021-08-08,0.92,False
2021-08-09,0.92,False
2021-08-10,0.87,True
2021-08-11,0.83,True
2021-08-12,0.79,True
2021-08-13,0.77,True
2021-08-14,0.77,False
2021-08-15,0.77,False
2021-08-16,0.75,True
2021-08-17,0.73,True
2021-08-18,0.71,True
2021-08-19,0.69,True
2021-08-20,0.66,True
2021-08-21,0.66,False
2021-08-22,0.66,False
2021-08-23,0.65,True
2021-08-24,0.64,True
2021-08-25,0.65,True
2021-08-26,0.65,True
2021-08-27,0.64,True
2021-08-28,0.64,False
2021-08-29,0.64,False
2021-08-30,0.64,False
2021-08-31,0.63,True
2021-09-01,0.5,True
2021-09-02,0.5,False
2021-09-03,0.5,False
2021-09-04,0.5,False
2021-09-05,0.5,False
2021-09-06,0.65,True
2021-09-07,0.64,True
2021-09-08,0.64,True
2021-09-09,0.65,True
2021-09-10,0.63,True
2021-09-11,0.63,False
2021-09-12,0.63,False
2021-09-13,0.64,True
2021-09-14,0.64,True
2021-09-15,0.66,True
2021-09-16,0.64,True
2021-09-17,0.64,True
2021-09-18,0.64,False
2021-09-19,0.64,False
2021-09-20,0.64,True
2021-09-21,0.68,True
2021-09-22,0.68,True
2021-09-23,0.69,True
2021-09-24,0.68,True
2021-09-25,0.68,False
2021-09-26,0.68,False
2021-09-27,0.68,True
2021-09-28,0.68,True
2021-09-29,0.67,True
2021-09-30,0.65,True
2021-10-01,0.66,True
2021-10-02,0.66,False
2021-10-03,0.66,False
2021-10-04,0.65,True
2021-10-05,0.67,True
2021-10-06,0.66,True
2021-10-07,0.67,True
2021-10-08,0.67,True
2021-10-09,0.67,False
2021-10-10,0.67,False
2021-10-11,0.66,True
2021-10-12,0.67,True
2021-10-13,0.66,True
2021-10-14,0.65,True
2021-10-15,0.65,True
2021-10-16,0.65,False
2021-10-17,0.65,False
2021-10-18,0.66,True
2021-10-19,0.64,True
2021-10-20,0.65,True
2021-10-21,0.64,True
2021-10-22,0.65,True
2021-10-23,0.65,False
2021-10-24,0.65,False
2021-10-25,0.65,True
2021-10-26,0.65,True
2021-10-27,0.65,True
2021-10-28,0.61,True
2021-10-29,0.61,True
2021-10-30,0.61,False
2021-10-31,0.61,False
2021-11-01,0.6,True
2021-11-02,0.6,True
2021-11-03,0.66,True
2021-11-04,0.62,True
2021-11-05,0.62,True
2021-11-06,0.62,False
2021-11-07,0.62,False
2021-11-08,0.63,True
2021-11-09,0.61,True
2021-11-10,0.63,True
2021-11-11,0.63,True
2021-11-12,0.65,True
2021-11-13,0.65,False
2021-11-14,0.65,False
2021-11-15,0.65,True
2021-11-16,0.63,True
2021-11-17,0.65,True
2021-11-18,0.64,True
2021-11-19,0.63,True
2021-11-20,0.63,False
2021-11-21,0.63,False
2021-11-22,0.63,True
2021-11-23,0.63,True
2021-11-24,0.64,True
2021-11-25,0.63,True
2021-11-26,0.64,True
2021-11-27,0.64,False
2021-11-28,0.64,False
2021-11-29,0.61,True
2021-11-30,0.65,True
2021-12-01,0.65,True
2021-12-02,0.64,True
2021-12-03,0.65,True
2021-12-04,0.65,False
2021-12-05,0.65,False
2021-12-06,0.61,True
2021-12-07,0.63,True
2021-12-08,0.64,True
2021-12-09,0.63,True
2021-12-10,0.64,True
2021-12-11,0.64,False
2021-12-12,0.64,False
2021-12-13,0.65,True
2021-12-14,0.65,True
2021-12-15,0.64,True
2021-12-16,0.75,True
2021-12-17,0.85,True
2021-12-18,0.85,False
2021-12-19,0.85,False
2021-12-20,0.91,True
2021-12-21,1.05,True
2021-12-22,1.34,True
2021-12-23,1.27,True
2021-12-24,1.12,True
2021-12-25,1.12,False
2021-12-26,1.12,False
2021-12-27,1.12,True
2021-12-28,0.98,True
2021-12-29,0.81,True
2021-12-30,0.73,True
2021-12-31,0.73,True
2022-01-01,0.73,False
2022-01-02,0.73,False
2022-01-03,0.73,False
2022-01-04,1.8,True
2022-01-05,1.47,True
2022-01-06,1.47,False
2022-01-07,1.17,True
2022-01-08,1.17,False
2022-01-09,1.17,False
2022-01-10,1.14,True
2022-01-11,1.11,True
2022-01-12,1.09,True
2022-01-13,1.04,True
2022-01-14,0.98,True
2022-01-15,0.98,False
2022-01-16,0.98,False
2022-01-17,1.02,True
2022-01-18,1.0,True
2022-01-19,0.98,True
2022-01-20,1.0,True
2022-01-21,1.03,True
2022-01-22,1.03,False
2022-01-23,1.03,False
2022-01-24,1.48,True
2022-01-25,2.3,True
2022-01-26,2.56,True
2022-01-27,2.42,True
2022-01-28,2.42,True
2022-01-29,2.42,False
2022-01-30,2.42,False
2022-01-31,2.42,False
2022-02-01,2.42,False
2022-02-02,2.42,False
2022-02-03,2.42,False
2022-02-04,2.42,False
2022-02-05,2.42,False
2022-02-06,2.42,False
2022-02-07,2.27,True
2022-02-08,2.59,True
2022-02-09,3.32,True
2022-02-10,3.4,True
2022-02-11,3.08,True
2022-02-12,3.08,False
2022-02-13,3.08,False
2022-02-14,2.95,True
2022-02-15,2.89,True
2022-02-16,2.9,True
2022-02-17,2.74,True
2022-02-18,2.54,True
2022-02-19,2.54,False
2022-02-20,2.54,False
2022-02-21,2.52,True
2022-02-22,2.51,True
2022-02-23,2.57,True
2022-02-24,2.56,True
2022-02-25,2.55,True
2022-02-26,2.55,False
2022-02-27,2.55,False
2022-02-28,2.56,True
2022-03-01,2.54,True
2022-03-02,2.54,True
2022-03-03,2.51,True
2022-03-04,2.47,True
2022-03-05,2.47,False
2022-03-06,2.47,False
2022-03-07,2.4,True
2022-03-08,2.31,True
2022-03-09,2.24,True
2022-03-10,2.15,True
2022-03-11,2.11,True
2022-03-12,2.11,False
2022-03-13,2.11,False
2022-03-14,2.13,True
2022-03-15,2.18,True
2022-03-16,2.19,True
2022-03-17,2.19,True
2022-03-18,2.2,True
2022-03-19,2.2,False
2022-03-20,2.2,False
2022-03-21,2.17,True
2022-03-22,2.18,True
2022-03-23,2.19,True
2022-03-24,2.18,True
2022-03-25,2.13,True
2022-03-26,2.13,False
2022-03-27,2.13,False
2022-03-28,2.08,True
2022-03-29,2.03,True
2022-03-30,2.01,True
2022-03-31,2.08,True
2022-04-01,2.08,True
2022-04-02,2.08,False
2022-04-03,2.08,False
2022-04-04,2.09,True
2022-04-05,2.1,True
2022-04-06,2.11,True
2022-04-07,2.11,True
2022-04-08,2.11,True
2022-04-09,2.11,False
2022-04-10,2.11,False
2022-04-11,2.11,False
2022-04-12,2.11,True
2022-04-13,2.12,True
2022-04-14,2.12,True
2022-04-15,2.11,True
2022-04-16,2.11,False
2022-04-17,2.11,False
2022-04-18,2.11,True
2022-04-19,2.05,True
2022-04-20,1.85,True
2022-04-21,1.51,True
2022-04-22,1.33,True
2022-04-23,1.33,False
2022-04-24,1.33,False
2022-04-25,1.29,True
2022-04-26,1.43,True
2022-04-27,1.4,True
2022-04-28,1.37,True
2022-04-29,1.37,True
2022-04-30,1.37,False
2022-05-01,1.37,False
2022-05-02,1.37,False
2022-05-03,1.37,False
2022-05-04,1.56,True
2022-05-05,1.63,True
2022-05-06,1.7,True
2022-05-07,1.7,False
2022-05-08,1.7,False
2022-05-09,1.78,True
2022-05-10,1.91,True
2022-05-11,2.0,True
2022-05-12,2.07,True
2022-05-13,2.05,True
2022-05-14,2.05,False
2022-05-15,2.05,False
2022-05-16,1.98,True
2022-05-17,1.91,True
2022-05-18,1.75,True
2022-05-19,1.57,True
2022-05-20,1.32,True
2022-05-21,1.32,False
2022-05-22,1.32,False
2022-05-23,1.14,True
2022-05-24,1.14,False
2022-05-25,1.14,False
2022-05-26,0.74,True
2022-05-27,0.53,True
2022-05-28,0.53,False
2022-05-29,0.53,False
2022-05-30,0.53,False
2022-05-31,0.33,True
2022-06-01,0.48,True
2022-06-02,0.45,True
2022-06-03,0.4,True
2022-06-04,0.4,False
2022-06-05,0.4,False
2022-06-06,0.39,True
2022-06-07,0.42,True
2022-06-08,0.42,True
2022-06-09,0.38,True
2022-06-10,0.38,True
2022-06-11,0.38,False
2022-06-12,0.38,False
2022-06-13,0.37,True
2022-06-14,0.36,True
2022-06-15,0.37,True
2022-06-16,0.37,True
2022-06-17,0.37,True
2022-06-18,0.37,False
2022-06-19,0.37,False
2022-06-20,0.38,True
2022-06-21,0.38,True
2022-06-22,0.37,True
2022-06-23,0.44,True
2022-06-24,0.6,True
2022-06-25,0.6,False
2022-06-26,0.6,False
2022-06-27,0.69,True
2022-06-28,0.68,True
2022-06-29,0.71,True
2022-06-30,0.71,False
2022-07-01,0.87,True
2022-07-02,0.87,False
2022-07-03,0.87,False
2022-07-04,0.88,True
2022-07-05,0.88,True
2022-07-06,0.82,True
2022-07-07,0.69,True
2022-07-08,0.68,True
2022-07-09,0.68,False
2022-07-10,0.68,False
2022-07-11,0.72,True
2022-07-12,0.71,True
2022-07-13,0.73,True
2022-07-14,0.76,True
2022-07-15,0.83,True
2022-07-16,0.83,False
2022-07-17,0.83,False
2022-07-18,0.96,True
2022-07-19,1.15,True
2022-07-20,1.4,True
2022-07-21,2.16,True
2022-07-22,2.8,True
2022-07-23,2.8,False
2022-07-24,2.8,False
2022-07-25,3.67,True
2022-07-26,5.01,True
2022-07-27,5.13,True
2022-07-28,4.68,True
2022-07-29,4.19,True
2022-07-30,4.19,False
2022-07-31,4.19,False
2022-08-01,4.18,True
2022-08-02,4.03,True
2022-08-03,4.1,True
2022-08-04,4.16,True
2022-08-05,4.36,True
2022-08-06,4.36,False
2022-08-07,4.36,False
2022-08-08,4.42,True
2022-08-09,4.29,True
2022-08-10,3.98,True
2022-08-11,3.3,True
2022-08-12,2.71,True
2022-08-13,2.71,False
2022-08-14,2.71,False
2022-08-15,2.27,True
2022-08-16,1.99,True
2022-08-17,2.05,True
2022-08-18,2.05,False
2022-08-19,2.49,True
2022-08-20,2.49,False
2022-08-21,2.49,False
2022-08-22,2.73,True
2022-08-23,3.77,True
2022-08-24,3.82,True
2022-08-25,3.74,True
2022-08-26,3.58,True
2022-08-27,3.58,False
2022-08-28,3.58,False
2022-08-29,3.88,True
2022-08-30,4.42,True
2022-08-31,4.42,True
2022-09-01,4.42,False
2022-09-02,4.42,False
2022-09-03,4.42,False
2022-09-04,4.42,False
2022-09-05,5.21,True
2022-09-06,5.71,True
2022-09-07,6.88,True
2022-09-08,5.9,True
2022-09-09,4.62,True
2022-09-10,4.62,False
2022-09-11,4.62,False
2022-09-12,4.62,False
2022-09-13,4.62,False
2022-09-14,4.17,True
2022-09-15,4.21,True
2022-09-16,4.25,True
2022-09-17,4.25,False
2022-09-18,4.25,False
2022-09-19,4.26,True
2022-09-20,4.61,True
2022-09-21,4.68,True
2022-09-22,4.89,True
2022-09-23,5.08,True
2022-09-24,5.08,False
2022-09-25,5.08,False
2022-09-26,5.12,True
2022-09-27,5.16,True
2022-09-28,5.06,True
2022-09-29,4.98,True
2022-09-30,4.93,True
2022-10-01,4.93,False
2022-10-02,4.93,False
2022-10-03,5.26,True
2022-10-04,7.88,True
2022-10-05,8.44,True
2022-10-06,7.86,True
2022-10-07,6.61,True
2022-10-08,6.61,False
2022-10-09,6.61,False
2022-10-10,7.47,True
2022-10-11,7.02,True
2022-10-12,6.51,True
2022-10-13,5.48,True
2022-10-14,4.92,True
2022-10-15,4.92,False
2022-10-16,4.92,False
2022-10-17,4.1,True
2022-10-18,3.23,True
2022-10-19,3.03,True
2022-10-20,4.04,True
2022-10-21,4.64,True
2022-10-22,4.64,False
2022-10-23,4.64,False
2022-10-24,5.46,True
2022-10-25,7.16,True
2022-10-26,7.2,True
2022-10-27,6.07,True
2022-10-28,4.79,True
2022-10-29,4.79,False
2022-10-30,4.79,False
2022-10-31,5.1,True
2022-11-01,6.61,True
2022-11-02,7.12,True
2022-11-03,6.93,True
2022-11-04,6.21,True
2022-11-05,6.21,False
2022-11-06,6.21,False
2022-11-07,6.01,True
2022-11-08,5.56,True
2022-11-09,5.1,True
2022-11-10,4.88,True
2022-11-11,4.62,True
2022-11-12,4.62,False
2022-11-13,4.62,False
2022-11-14,4.31,True
2022-11-15,4.2,True
2022-11-16,4.63,True
2022-11-17,5.18,True
2022-11-18,5.4,True
2022-11-19,5.4,False
2022-11-20,5.4,False
2022-11-21,5.87,True
2022-11-22,5.92,True
2022-11-23,6.1,True
2022-11-24,5.97,True
2022-11-25,6.01,True
2022-11-26,6.01,False
2022-11-27,6.01,False
2022-11-28,6.01,False
2022-11-29,5.63,True
2022-11-30,5.32,True
2022-12-01,5.42,True
2022-12-02,5.42,True
2022-12-03,5.42,False
2022-12-04,5.42,False
2022-12-05,5.31,True
2022-12-06,5.31,False
2022-12-07,5.31,False
2022-12-08,5.64,True
2022-12-09,5.61,True
2022-12-10,5.61,False
2022-12-11,5.61,False
2022-12-12,5.61,True
2022-12-13,5.62,True
2022-12-14,5.38,True
2022-12-15,5.19,True
2022-12-16,4.62,True
2022-12-17,4.62,False
2022-12-18,4.62,False
2022-12-19,4.34,True
2022-12-20,4.04,True
2022-12-21,3.94,True
2022-12-22,3.77,True
2022-12-23,3.49,True
2022-12-24,3.49,False
2022-12-25,3.49,False
2022-12-26,3.25,True
2022-12-27,3.36,True
2022-12-28,3.2,True
2022-12-29,2.81,True
2022-12-30,4.44,True
2022-12-31,4.44,False
2023-01-01,4.44,False
2023-01-02,4.44,False
2023-01-03,5.06,True
2023-01-04,5.17,True
2023-01-05,5.09,True
2023-01-06,5.07,True
2023-01-07,5.07,False
2023-01-08,5.07,False
2023-01-09,5.18,True
2023-01-10,5.23,True
2023-01-11,5.59,True
2023-01-12,5.95,True
2023-01-13,5.95,False
2023-01-14,5.95,False
2023-01-15,5.95,False
2023-01-16,6.48,True
2023-01-17,6.34,True
2023-01-18,6.09,True
2023-01-19,6.09,True
2023-01-20,6.09,False
2023-01-21,6.09,False
2023-01-22,6.09,False
2023-01-23,6.09,False
2023-01-24,6.09,False
2023-01-25,6.09,False
2023-01-26,6.09,False
2023-01-27,6.13,True
2023-01-28,6.13,False
2023-01-29,6.13,False
2023-01-30,6.17,True
2023-01-31,6.23,True
2023-02-01,6.26,True
2023-02-02,6.26,True
2023-02-03,6.21,True
2023-02-04,6.21,False
2023-02-05,6.21,False
2023-02-06,6.05,True
2023-02-07,5.96,True
2023-02-08,5.72,True
2023-02-09,5.39,True
2023-02-10,4.91,True
2023-02-11,4.91,False
2023-02-12,4.91,False
2023-02-13,4.55,True
2023-02-14,4.05,True
2023-02-15,3.64,True
2023-02-16,4.71,True
2023-02-17,4.64,True
2023-02-18,4.64,False
2023-02-19,4.64,False
2023-02-20,4.54,True
2023-02-21,4.81,True
2023-02-22,6.11,True
2023-02-23,6.15,True
2023-02-24,6.06,True
2023-02-25,6.06,False
2023-02-26,6.06,False
2023-02-27,5.77,True
2023-02-28,5.24,True
2023-03-01,5.97,True
2023-03-02,6.38,True
2023-03-03,6.4,True
2023-03-04,6.4,False
2023-03-05,6.4,False
2023-03-06,6.22,True
2023-03-07,6.07,True
2023-03-08,5.98,True
2023-03-09,6.22,True
2023-03-10,6.22,True
2023-03-11,6.22,False
2023-03-12,6.22,False
2023-03-13,6.17,True
2023-03-14,5.72,True
2023-03-15,5.06,True
2023-03-16,4.14,True
2023-03-17,3.4,True
2023-03-18,3.4,False
2023-03-19,3.4,False
2023-03-20,2.7,True
2023-03-21,2.05,True
2023-03-22,1.55,True
2023-03-23,1.34,True
2023-03-24,1.14,True
2023-03-25,1.14,False
2023-03-26,1.14,False
2023-03-27,1.06,True
2023-03-28,0.98,True
2023-03-29,0.96,True
2023-03-30,0.9,True
2023-03-31,1.12,True
2023-04-01,1.12,False
2023-04-02,1.12,False
2023-04-03,2.12,True
2023-04-04,2.48,True
2023-04-05,3.41,True
2023-04-06,4.44,True
2023-04-07,5.06,True
2023-04-08,5.06,False
2023-04-09,5.06,False
2023-04-10,5.19,True
2023-04-11,5.22,True
2023-04-12,5.32,True
2023-04-13,5.49,True
2023-04-14,5.54,True
2023-04-15,5.54,False
2023-04-16,5.54,False
2023-04-17,5.52,True
2023-04-18,5.52,False
2023-04-19,4.48,True
2023-04-20,3.78,True
2023-04-21,3.29,True
2023-04-22,3.29,False
2023-04-23,3.29,False
2023-04-24,3.29,False
2023-04-25,6.26,True
2023-04-26,4.82,True
2023-04-27,4.12,True
2023-04-28,4.12,True
2023-04-29,4.12,False
2023-04-30,4.12,False
2023-05-01,4.12,False
2023-05-02,4.12,False
2023-05-03,4.12,False
2023-05-04,5.0,True
2023-05-05,5.05,True
2023-05-06,5.05,False
2023-05-07,5.05,False
2023-05-08,5.08,True
2023-05-09,5.07,True
2023-05-10,4.84,True
2023-05-11,4.83,True
2023-05-12,4.88,True
2023-05-13,4.88,False
2023-05-14,4.88,False
2023-05-15,4.92,True
2023-05-16,4.92,False
2023-05-17,4.87,True
2023-05-18,4.64,True
2023-05-19,4.49,True
2023-05-20,4.49,False
2023-05-21,4.49,False
2023-05-22,4.43,True
2023-05-23,4.42,True
2023-05-24,4.42,False
2023-05-25,4.14,True
2023-05-26,4.07,True
2023-05-27,4.07,False
2023-05-28,4.07,False
2023-05-29,3.96,True
2023-05-30,3.77,True
2023-05-31,3.9,True
2023-06-01,4.07,True
2023-06-02,4.02,True
2023-06-03,4.02,False
2023-06-04,4.02,False
2023-06-05,3.92,True
2023-06-06,3.75,True
2023-06-07,3.51,True
2023-06-08,3.1,True
2023-06-09,2.69,True
2023-06-10,2.69,False
2023-06-11,2.69,False
2023-06-12,2.4,True
2023-06-13,2.02,True
2023-06-14,1.65,True
2023-06-15,1.3,True
2023-06-16,0.94,True
2023-06-17,0.94,False
2023-06-18,0.94,False
2023-06-19,0.73,True
2023-06-20,0.55,True
2023-06-21,0.55,True
2023-06-22,0.91,True
2023-06-23,1.08,True
2023-06-24,1.08,False
2023-06-25,1.08,False
2023-06-26,1.04,True
2023-06-27,0.89,True
2023-06-28,0.69,True
2023-06-29,0.39,True
2023-06-30,0.44,True
2023-07-01,0.44,False
2023-07-02,0.44,False
2023-07-03,0.66,True
2023-07-04,0.69,True
2023-07-05,0.64,True
2023-07-06,0.61,True
2023-07-07,0.42,True
2023-07-08,0.42,False
2023-07-09,0.42,False
2023-07-10,0.34,True
2023-07-11,0.26,True
2023-07-12,0.21,True
2023-07-13,0.16,True
2023-07-14,0.14,True
2023-07-15,0.14,False
2023-07-16,0.14,False
2023-07-17,0.15,True
2023-07-18,0.46,True
2023-07-19,0.34,True
2023-07-20,0.25,True
2023-07-21,0.19,True
2023-07-22,0.19,False
2023-07-23,0.19,False
2023-07-24,0.2,True
2023-07-25,0.2,True
2023-07-26,0.21,True
2023-07-27,0.19,True
2023-07-28,0.2,True
2023-07-29,0.2,False
2023-07-30,0.2,False
2023-07-31,0.19,True
2023-08-01,0.22,True
2023-08-02,0.22,True
2023-08-03,0.22,True
2023-08-04,0.22,True
2023-08-05,0.22,False
2023-08-06,0.22,False
2023-08-07,0.21,True
2023-08-08,0.21,True
2023-08-09,0.21,True
2023-08-10,0.21,False
2023-08-11,0.2,True
2023-08-12,0.2,False
2023-08-13,0.2,False
2023-08-14,0.19,True
2023-08-15,0.19,False
2023-08-16,0.19,False
2023-08-17,0.2,True
2023-08-18,0.19,True
2023-08-19,0.19,False
2023-08-20,0.19,False
2023-08-21,0.19,True
2023-08-22,0.17,True
2023-08-23,0.17,True
2023-08-24,0.17,True
2023-08-25,0.17,True
2023-08-26,0.17,False
2023-08-27,0.17,False
2023-08-28,0.17,True
2023-08-29,0.16,True
2023-08-30,0.16,True
2023-08-31,0.16,True
2023-09-01,0.16,False
2023-09-02,0.16,False
2023-09-03,0.16,False
2023-09-04,0.16,False
2023-09-05,0.19,True
2023-09-06,0.18,True
2023-09-07,0.17,True
2023-09-08,0.17,True
2023-09-09,0.17,False
2023-09-10,0.17,False
2023-09-11,0.17,True
2023-09-12,0.16,True
2023-09-13,0.16,True
2023-09-14,0.16,True
2023-09-15,0.15,True
2023-09-16,0.15,False
2023-09-17,0.15,False
2023-09-18,0.15,True
2023-09-19,0.15,True
2023-09-20,0.16,True
2023-09-21,0.14,True
2023-09-22,0.17,True
2023-09-23,0.17,False
2023-09-24,0.17,False
2023-09-25,0.17,True
2023-09-26,0.16,True
2023-09-27,0.16,True
2023-09-28,0.15,True
2023-09-29,0.19,True
2023-09-30,0.19,False
2023-10-01,0.19,False
2023-10-02,0.55,True
2023-10-03,0.74,True
2023-10-04,1.13,True
2023-10-05,1.32,True
2023-10-06,1.14,True
2023-10-07,1.14,False
2023-10-08,1.14,False
2023-10-09,0.95,True
2023-10-10,0.66,True
2023-10-11,0.37,True
2023-10-12,0.22,True
2023-10-13,0.35,True
2023-10-14,0.35,False
2023-10-15,0.35,False
2023-10-16,0.71,True
2023-10-17,0.76,True
2023-10-18,0.78,True
2023-10-19,0.79,True
2023-10-20,1.47,True
2023-10-21,1.47,False
2023-10-22,1.47,False
2023-10-23,2.22,True
2023-10-24,2.84,True
2023-10-25,2.74,True
2023-10-26,1.89,True
2023-10-27,1.37,True
2023-10-28,1.37,False
2023-10-29,1.37,False
2023-10-30,1.37,False
2023-10-31,1.37,False
2023-11-01,1.05,True
2023-11-02,0.99,True
2023-11-03,0.93,True
2023-11-04,0.93,False
2023-11-05,0.93,False
2023-11-06,0.93,True
2023-11-07,0.95,True
2023-11-08,0.83,True
2023-11-09,0.73,True
2023-11-10,0.62,True
2023-11-11,0.62,False
2023-11-12,0.62,False
2023-11-13,0.52,True
2023-11-14,0.36,True
2023-11-15,0.26,True
2023-11-16,0.21,True
2023-11-17,0.18,True
2023-11-18,0.18,False
2023-11-19,0.18,False
2023-11-20,0.16,True
2023-11-21,0.15,True
2023-11-22,0.15,True
2023-11-23,0.15,True
2023-11-24,0.14,True
2023-11-25,0.14,False
2023-11-26,0.14,False
2023-11-27,0.14,True
2023-11-28,0.14,True
2023-11-29,0.14,True
2023-11-30,0.14,True
2023-12-01,0.17,True
2023-12-02,0.17,False
2023-12-03,0.17,False
2023-12-04,0.16,True
2023-12-05,0.16,True
2023-12-06,0.15,True
2023-12-07,0.15,True
2023-12-08,0.15,True
2023-12-09,0.15,False
2023-12-10,0.15,False
2023-12-11,0.15,True
2023-12-12,0.15,True
2023-12-13,0.15,True
2023-12-14,0.16,True
2023-12-15,0.15,True
2023-12-16,0.15,False
2023-12-17,0.15,False
2023-12-18,0.15,True
2023-12-19,0.16,True
2023-12-20,0.18,True
2023-12-21,0.18,True
2023-12-22,0.25,True
2023-12-23,0.25,False
2023-12-24,0.25,False
2023-12-25,0.74,True
2023-12-26,1.02,True
2023-12-27,0.79,True
2023-12-28,0.51,True
2023-12-29,0.51,True
2023-12-30,0.51,False
2023-12-31,0.51,False
2024-01-01,0.51,False
2024-01-02,0.95,True
2024-01-03,0.46,True
2024-01-04,0.23,True
2024-01-05,0.19,True
2024-01-06,0.19,False
2024-01-07,0.19,False
2024-01-08,0.16,True
2024-01-09,0.15,True
2024-01-10,0.15,True
2024-01-11,0.15,True
2024-01-12,0.15,True
2024-01-13,0.15,False
2024-01-14,0.15,False
2024-01-15,0.15,True
2024-01-16,0.15,True
2024-01-17,0.15,True
2024-01-18,0.14,True
2024-01-19,0.14,True
2024-01-20,0.14,False
2024-01-21,0.14,False
2024-01-22,0.13,True
2024-01-23,0.12,True
2024-01-24,0.13,True
2024-01-25,0.12,True
2024-01-26,0.12,True
2024-01-27,0.12,False
2024-01-28,0.12,False
2024-01-29,0.12,True
2024-01-30,0.18,True
2024-01-31,0.97,True
2024-02-01,1.05,True
2024-02-02,1.37,True
2024-02-03,1.37,False
2024-02-04,1.37,False
2024-02-05,1.76,True
2024-02-06,2.38,True
2024-02-07,2.38,True
2024-02-08,2.38,False
2024-02-09,2.38,False
2024-02-10,2.38,False
2024-02-11,2.38,False
2024-02-12,2.38,False
2024-02-13,2.38,False
2024-02-14,2.38,False
2024-02-15,1.31,True
2024-02-16,1.04,True
2024-02-17,1.04,False
2024-02-18,1.04,False
2024-02-19,1.41,True
2024-02-20,2.15,True
2024-02-21,4.14,True
2024-02-22,3.85,True
2024-02-23,3.66,True
2024-02-24,3.66,False
2024-02-25,3.66,False
2024-02-26,3.54,True
2024-02-27,3.32,True
2024-02-28,2.4,True
2024-02-29,1.46,True
2024-03-01,1.47,True
2024-03-02,1.47,False
2024-03-03,1.47,False
2024-03-04,1.48,True
2024-03-05,1.49,True
2024-03-06,1.49,True
2024-03-07,1.17,True
2024-03-08,0.77,True
2024-03-09,0.77,False
2024-03-10,0.77,False
2024-03-11,0.76,True
2024-03-12,1.47,True
2024-03-13,1.47,False
2024-03-14,1.21,True
2024-03-15,0.79,True
2024-03-16,0.79,False
2024-03-17,0.79,False
2024-03-18,0.5,True
2024-03-19,0.22,True
2024-03-20,0.16,True
2024-03-21,0.13,True
2024-03-22,0.13,True
2024-03-23,0.13,False
2024-03-24,0.13,False
2024-03-25,0.27,True
2024-03-26,0.32,True
2024-03-27,0.28,True
2024-03-28,0.31,True
2024-03-29,2.51,True
2024-03-30,2.51,False
2024-03-31,2.51,False
2024-04-01,3.45,True
2024-04-02,4.36,True
2024-04-03,4.59,True
2024-04-04,3.9,True
2024-04-05,2.69,True
2024-04-06,2.69,False
2024-04-07,2.69,False
2024-04-08,2.66,True
2024-04-09,3.66,True
2024-04-10,3.93,True
2024-04-11,3.85,True
2024-04-12,4.18,True
2024-04-13,4.18,False
2024-04-14,4.18,False
2024-04-15,4.7,True
2024-04-16,4.94,True
2024-04-17,4.95,True
2024-04-18,4.95,False
2024-04-19,3.93,True
2024-04-20,3.93,False
2024-04-21,3.93,False
2024-04-22,3.87,True
2024-04-23,4.07,True
2024-04-24,4.22,True
2024-04-25,4.08,True
2024-04-26,4.6,True
2024-04-27,4.6,False
2024-04-28,4.6,False
2024-04-29,4.6,False
2024-04-30,4.6,False
2024-05-01,4.6,False
2024-05-02,4.48,True
2024-05-03,4.36,True
2024-05-04,4.31,True
2024-05-05,4.31,False
2024-05-06,4.28,True
2024-05-07,4.19,True
2024-05-08,4.22,True
2024-05-09,4.22,True
2024-05-10,4.23,True
2024-05-11,4.23,False
2024-05-12,4.23,False
2024-05-13,4.24,True
2024-05-14,4.22,True
2024-05-15,4.22,True
2024-05-16,3.94,True
2024-05-17,3.9,True
2024-05-18,3.9,False
2024-05-19,3.9,False
2024-05-20,4.01,True
2024-05-21,4.08,True
2024-05-22,4.55,True
2024-05-23,5.1,True
2024-05-24,5.06,True
2024-05-25,5.06,False
2024-05-26,5.06,False
2024-05-27,5.06,True
2024-05-28,4.79,True
2024-05-29,4.03,True
2024-05-30,3.37,True
2024-05-31,2.85,True
2024-06-01,2.85,False
2024-06-02,2.85,False
2024-06-03,3.86,True
2024-06-04,4.01,True
2024-06-05,3.9,True
2024-06-06,3.96,True
2024-06-07,4.01,True
2024-06-08,4.01,False
2024-06-09,4.01,False
2024-06-10,4.22,True
2024-06-11,4.41,True
2024-06-12,4.53,True
2024-06-13,4.52,True
2024-06-14,4.42,True
2024-06-15,4.42,False
2024-06-16,4.42,False
2024-06-17,4.36,True
2024-06-18,4.19,True
2024-06-19,3.87,True
2024-06-20,3.46,True
2024-06-21,3.35,True
2024-06-22,3.35,False
2024-06-23,3.35,False
2024-06-24,3.54,True
2024-06-25,3.45,True
2024-06-26,2.84,True
2024-06-27,2.84,True
2024-06-28,4.39,True
2024-06-29,4.39,False
2024-06-30,4.39,False
2024-07-01,4.76,True
2024-07-02,4.47,True
2024-07-03,4.45,True
2024-07-04,4.5,True
2024-07-05,4.69,True
2024-07-06,4.69,False
2024-07-07,4.69,False
2024-07-08,4.83,True
2024-07-09,4.98,True
2024-07-10,4.87,True
2024-07-11,4.62,True
2024-07-12,4.45,True
2024-07-13,4.45,False
2024-07-14,4.45,False
2024-07-15,4.43,True
2024-07-16,4.44,True
2024-07-17,4.51,True
2024-07-18,4.43,True
2024-07-19,4.48,True
2024-07-20,4.48,False
2024-07-21,4.48,False
2024-07-22,4.56,True
2024-07-23,4.6,True
2024-07-24,4.77,True
2024-07-25,4.86,True
2024-07-26,4.94,True
2024-07-27,4.94,False
2024-07-28,4.94,False
2024-07-29,4.93,True
2024-07-30,4.75,True
2024-07-31,4.37,True
2024-08-01,4.6,True
2024-08-02,4.69,True
2024-08-03,4.69,False
2024-08-04,4.69,False
2024-08-05,4.93,True
2024-08-06,4.85,True
2024-08-07,4.65,True
2024-08-08,4.42,True
2024-08-09,4.35,True
2024-08-10,4.35,False
2024-08-11,4.35,False
2024-08-12,4.36,True
2024-08-13,4.4,True
2024-08-13,4.4,True
2024-08-14,4.45,True
2024-08-15,4.52,True
2024-08-16,4.58,True
2024-08-17,4.58,False
2024-08-18,4.58,False
2024-08-19,4.57,True
2024-08-20,4.5,True
2024-08-21,4.4,True
2024-08-22,4.38,True
2024-08-23,4.42,True
2024-08-24,4.42,False
2024-08-25,4.42,False
2024-08-26,4.5,True
2024-08-27,4.66,True
2024-08-28,4.4,True
2024-08-29,4.02,True
2024-08-30,4.02,True
2024-08-31,4.02,False
2024-09-01,4.02,False
2024-09-02,4.02,False
2024-09-03,4.02,False
2024-09-04,4.52,True
2024-09-05,4.59,True
2024-09-06,4.59,True
2024-09-07,4.59,False
2024-09-08,4.59,False
2024-09-09,4.56,True
2024-09-10,4.42,True
2024-09-11,4.13,True
2024-09-12,3.8,True
2024-09-13,3.47,True
2024-09-14,3.47,False
2024-09-15,3.47,False
2024-09-16,3.28,True
2024-09-17,3.21,True
2024-09-18,3.22,True
2024-09-19,3.28,True
2024-09-20,3.56,True
2024-09-21,3.56,False
2024-09-22,3.56,False
2024-09-23,3.91,True
2024-09-24,4.22,True
2024-09-25,4.22,True
2024-09-26,4.22,True
2024-09-27,4.23,True
2024-09-28,4.23,False
2024-09-29,4.23,False
2024-09-30,4.44,True
2024-10-01,4.31,True
2024-10-02,4.17,True
2024-10-03,3.96,True
2024-10-04,3.76,True
2024-10-05,3.76,False
2024-10-06,3.76,False
2024-10-07,3.58,True
2024-10-08,3.49,True
2024-10-09,3.39,True
2024-10-10,3.3,True
2024-10-11,3.21,True
2024-10-12,3.21,False
2024-10-13,3.21,False
2024-10-14,3.1,True
2024-10-15,2.91,True
2024-10-16,2.77,True
2024-10-17,2.69,True
2024-10-18,2.66,True
2024-10-19,2.66,False
2024-10-20,2.66,False
2024-10-21,3.91,True
2024-10-22,3.97,True
2024-10-23,3.75,True
2024-10-24,3.68,True
2024-10-25,3.91,True
2024-10-26,3.91,False
2024-10-27,3.91,False
2024-10-28,4.63,True
2024-10-29,4.7,True
2024-10-30,3.82,True
2024-10-31,3.54,True
2024-11-01,4.02,True
2024-11-02,4.02,False
2024-11-03,4.02,False
2024-11-04,6.08,True
2024-11-05,5.57,True
2024-11-06,4.8,True
2024-11-07,4.8,True
2024-11-08,4.54,True
2024-11-09,4.54,False
2024-11-10,4.54,False
2024-11-11,4.56,True
2024-11-12,4.72,True
2024-11-13,5.42,True
2024-11-14,5.68,True
2024-11-15,5.83,True
2024-11-16,5.83,False
2024-11-17,5.83,False
2024-11-18,5.89,True
2024-11-19,5.31,True
2024-11-20,4.19,True
2024-11-21,4.06,True
2024-11-22,4.58,True
2024-11-23,4.58,False
2024-11-24,4.58,False
2024-11-25,5.47,True
2024-11-26,5.43,True
2024-11-27,4.41,True
2024-11-28,3.25,True
2024-11-29,3.11,True
2024-11-30,3.11,False
2024-12-01,3.11,False
2024-12-02,4.17,True
2024-12-03,4.18,True
2024-12-04,4.15,True
2024-12-05,3.99,True
2024-12-06,4.0,True
2024-12-07,4.0,False
2024-12-08,4.0,False
2024-12-09,4.03,True
2024-12-10,4.18,True
2024-12-11,4.47,True
2024-12-12,4.5,True
2024-12-13,4.01,True
2024-12-14,4.01,False
2024-12-15,4.01,False
2024-12-16,3.88,True
2024-12-17,3.29,True
2024-12-18,2.79,True
2024-12-19,2.79,False
2024-12-20,3.99,True
2024-12-21,3.99,False
2024-12-22,3.99,False
2024-12-23,4.37,True
2024-12-24,4.37,True
2024-12-25,4.48,True
2024-12-26,4.57,True
2024-12-27,4.0,True
2024-12-28,4.0,False
2024-12-29,4.0,False
2024-12-30,3.15,True
2024-12-31,4.04,True
2025-01-01,4.04,False
2025-01-02,4.03,True
2025-01-03,3.96,True
2025-01-04,3.96,False
2025-01-05,3.96,False
2025-01-06,3.84,True
2025-01-07,3.79,True
2025-01-08,3.92,True
2025-01-09,4.33,True
2025-01-10,4.74,True
2025-01-11,4.74,False
2025-01-12,4.74,False
2025-01-13,4.95,True
2025-01-14,4.59,True
2025-01-15,3.94,True
2025-01-16,3.8,True
2025-01-17,3.9,True
2025-01-18,3.9,False
2025-01-19,3.9,False
2025-01-20,4.77,True
2025-01-21,4.19,True
2025-01-22,3.83,True
2025-01-23,3.92,True
2025-01-24,3.92,True
2025-01-25,3.92,False
2025-01-26,3.92,False
2025-01-27,3.92,False
2025-01-28,3.92,False
2025-01-29,3.92,False
2025-01-30,3.92,False
2025-01-31,3.92,False
2025-02-01,3.92,False
2025-02-02,3.92,False
2025-02-03,4.75,True
2025-02-04,5.7,True
2025-02-05,4.7,True
2025-02-06,4.33,True
2025-02-07,4.38,True
2025-02-08,4.38,False
2025-02-09,4.38,False
2025-02-10,5.54,True
2025-02-11,5.52,True
2025-02-12,4.57,True
2025-02-13,4.25,True
2025-02-14,4.25,False
2025-02-15,4.25,False
2025-02-16,4.25,False
2025-02-17,4.48,True
2025-02-18,4.64,True
2025-02-19,4.3,True
2025-02-20,4.08,True
2025-02-21,3.98,True
2025-02-22,3.98,False
2025-02-23,3.98,False
2025-02-24,4.5,True
2025-02-25,4.73,True
2025-02-26,4.14,True
2025-02-27,3.79,True
2025-02-28,4.59,True
2025-03-01,4.59,False
2025-03-02,4.59,False
2025-03-03,4.74,True
2025-03-04,4.77,True
2025-03-05,4.47,True
2025-03-06,3.98,True
2025-03-07,3.88,True
2025-03-08,3.88,False
2025-03-09,3.88,False
2025-03-10,4.19,True
2025-03-11,4.19,False
2025-03-12,4.81,True
2025-03-13,4.57,True
2025-03-14,4.39,True
2025-03-15,4.39,False
2025-03-16,4.39,False
2025-03-17,4.26,True
2025-03-18,4.18,True
2025-03-19,4.05,True
2025-03-20,3.97,True
2025-03-21,4.31,True
2025-03-22,4.31,False
2025-03-23,4.31,False
2025-03-24,4.34,True
2025-03-25,4.48,True
2025-03-26,4.35,True
2025-03-27,3.88,True
2025-03-28,3.53,True
2025-03-29,3.53,False
2025-03-30,3.53,False
2025-03-31,4.61,True
2025-04-01,4.56,True
2025-04-02,4.02,True
2025-04-03,3.99,True
2025-04-04,3.99,True
2025-04-05,3.99,False
2025-04-06,3.99,False
2025-04-07,3.99,False
2025-04-08,4.21,True
2025-04-09,4.21,True
2025-04-10,4.06,True
2025-04-11,4.03,True
2025-04-12,4.03,False
2025-04-13,4.03,False
2025-04-14,4.06,True
2025-04-15,4.02,True
2025-04-16,4.03,True
2025-04-17,4.07,True
2025-04-18,4.1,True
2025-04-19,4.1,False
2025-04-20,4.1,False
2025-04-21,4.48,True
2025-04-22,4.69,True
2025-04-23,3.95,True
2025-04-24,3.31,True
2025-04-25,2.46,True
2025-04-26,2.47,True
2025-04-27,2.47,False
2025-04-28,2.54,True
2025-04-29,2.54,True
2025-04-30,2.54,False
2025-05-01,2.54,False
2025-05-02,2.54,False
2025-05-03,2.54,False
2025-05-04,2.54,False
2025-05-05,4.13,True
2025-05-06,4.14,True
2025-05-07,4.03,True
2025-05-08,3.96,True
2025-05-09,4.09,True
2025-05-10,4.09,False
2025-05-11,4.09,False
2025-05-12,4.09,True
2025-05-13,4.03,True
2025-05-14,3.93,True
2025-05-15,3.92,True
2025-05-16,3.78,True
2025-05-17,3.78,False
2025-05-18,3.78,False
2025-05-19,3.71,True
2025-05-20,3.63,True
